sym,score,T,RS,M,close,scans
A,90,97.0,82.0,92.0,168.17,el|cp
AA,16,8.0,27.0,12.0,42.83,
AAL,32,14.0,35.0,47.0,12.8,
AAMI,84,94.0,100.0,57.0,93.3,el
AAOI,42,30.0,45.0,51.0,105.9,
AAON,29,21.0,1.0,66.0,85.95,
AAP,18,11.0,0.0,44.0,42.4,
AAPL,81,88.0,83.0,72.0,340.42,el|pc
AAT,36,31.0,34.0,44.0,21.61,
ABBV,79,90.0,71.0,77.0,272.42,
ABCB,23,26.0,18.0,25.0,79.66,
ABG,4,4.0,0.0,7.0,168.96,
ABM,69,90.0,65.0,53.0,49.89,br
ABNB,61,61.0,84.0,37.0,163.23,
ABR,3,2.0,0.0,8.0,3.09,
ABT,25,31.0,14.0,31.0,98.49,
ACA,77,88.0,87.0,55.0,146.5,el
ACAD,10,23.0,4.0,3.0,19.58,
ACGL,36,42.0,20.0,46.0,96.08,
ACHC,39,42.0,25.0,51.0,28.48,
ACI,28,21.0,0.0,62.0,12.34,
ACIW,42,45.0,37.0,45.0,51.07,
ACLS,64,46.0,74.0,71.0,133.48,
ACM,9,4.0,0.0,24.0,59.46,
ACMR,51,24.0,80.0,48.0,70.8,
ACN,66,72.0,36.0,90.0,208.36,
ACT,46,51.0,59.0,28.0,46.64,
ADAM,19,24.0,26.0,7.0,7.65,
ADBE,30,31.0,25.0,34.0,241.05,
ADC,10,7.0,6.0,17.0,65.82,
ADI,77,78.0,75.0,79.0,405.93,
ADM,56,72.0,66.0,30.0,82.45,
ADMA,55,55.0,29.0,81.0,10.33,
ADNT,14,4.0,0.0,39.0,17.62,
ADP,59,64.0,59.0,55.0,270.73,
ADSK,49,36.0,27.0,85.0,233.6,
ADT,15,14.0,7.0,24.0,6.5,
ADUS,45,51.0,52.0,33.0,114.26,
AEE,24,22.0,9.0,42.0,101.84,
AEIS,38,17.0,47.0,49.0,284.24,
AEO,42,32.0,40.0,55.0,17.97,
AEP,27,22.0,14.0,46.0,122.32,
AES,55,80.0,32.0,52.0,14.93,
AESI,19,19.0,26.0,13.0,12.16,
AFG,46,59.0,29.0,51.0,141.98,
AFL,36,39.0,23.0,47.0,114.94,
AFRM,61,58.0,49.0,76.0,77.15,
AGCO,18,30.0,13.0,10.0,108.13,
AGNC,4,5.0,1.0,7.0,8.68,
AGNT,27,10.0,0.0,71.0,4.01,
AGO,20,16.0,0.0,43.0,70.72,
AGX,35,10.0,45.0,51.0,398.66,
AGYS,45,45.0,45.0,45.0,102.59,
AHCO,24,12.0,0.0,61.0,6.065,
AHR,32,31.0,40.0,26.0,50.44,
AIG,41,48.0,16.0,60.0,77.05,
AIN,28,18.0,26.0,39.0,59.43,
AIR,17,17.0,28.0,7.0,101.58,
AIT,58,55.0,63.0,57.0,332.12,
AIZ,51,57.0,62.0,35.0,272.86,
AJG,29,36.0,14.0,38.0,234.05,
AKAM,22,5.0,35.0,25.0,100.9,
AKR,9,8.0,6.0,13.0,18.18,
ALAB,73,64.0,80.0,74.0,347.05,
ALB,12,5.0,21.0,11.0,102.1,
ALG,12,15.0,5.0,15.0,155.39,
ALGM,35,10.0,39.0,55.0,36.27,
ALGN,15,2.0,17.0,26.0,141.03,
ALGT,26,2.0,28.0,49.0,76.42,
ALHC,7,1.0,0.0,20.0,8.71,
ALK,17,2.0,5.0,44.0,39.52,
ALKS,32,27.0,52.0,16.0,40.11,
ALL,28,40.0,31.0,14.0,230.63,
ALLE,35,38.0,24.0,44.0,149.99,
ALLY,10,7.0,7.0,15.0,37.83,
ALM,20,8.0,45.0,8.0,11.57,
ALNY,9,15.0,0.0,12.0,224.53,
ALRM,60,64.0,60.0,56.0,55.26,
ALSN,28,31.0,38.0,14.0,109.11,
ALV,24,30.0,13.0,28.0,111.03,
AM,32,41.0,25.0,31.0,21.19,
AMAT,60,45.0,75.0,59.0,509.57,
AMCR,34,31.0,27.0,45.0,41.88,
AMD,90,89.0,97.0,84.0,620.68,el|ed|gcl
AME,71,85.0,62.0,65.0,247.52,
AMG,84,86.0,93.0,73.0,386.99,el
AMGN,68,64.0,76.0,64.0,407.44,
AMH,26,30.0,16.0,32.0,30.49,
AMKR,36,14.0,45.0,49.0,51.0,
AMN,84,86.0,96.0,69.0,35.44,el|grl
AMP,32,46.0,33.0,16.0,499.08,
AMPH,78,93.0,58.0,82.0,25.81,sq
AMR,31,23.0,36.0,33.0,174.28,
AMRX,92,89.0,100.0,88.0,19.65,el
AMSF,21,11.0,0.0,52.0,24.74,
AMT,22,21.0,10.0,34.0,166.73,
AMTM,17,5.0,0.0,45.0,18.97,
AMZN,52,57.0,47.0,52.0,254.06,
AN,5,5.0,0.0,9.0,157.07,
ANDE,32,25.0,47.0,23.0,66.53,
ANET,90,96.0,99.0,76.0,210.97,el|br|gcl
ANF,81,96.0,100.0,47.0,141.41,el|cp|slg
ANIP,17,6.0,0.0,45.0,71.98,bdr
AON,8,6.0,0.0,18.0,277.12,
AORT,6,11.0,0.0,7.0,21.21,
AOS,19,10.0,3.0,43.0,56.56,
AOSL,40,21.0,32.0,68.0,28.41,
APA,81,97.0,85.0,61.0,45.47,el|gcl|sq
APAM,14,26.0,2.0,13.0,33.65,
APD,26,33.0,16.0,30.0,278.38,
APG,38,24.0,28.0,61.0,39.98,
APH,76,86.0,80.0,61.0,85.32,el|cp
APLD,6,2.0,2.0,15.0,23.85,
APLE,70,66.0,80.0,64.0,16.22,
APO,22,29.0,22.0,14.0,115.3,
APOG,56,57.0,37.0,75.0,40.77,
APP,10,0.0,0.0,31.0,280.12,
APPF,45,51.0,53.0,30.0,197.45,
APTV,20,10.0,0.0,50.0,44.21,
AR,37,43.0,32.0,37.0,36.06,
ARCB,44,26.0,67.0,39.0,129.96,
ARE,19,26.0,13.0,18.0,45.6,
ARES,21,27.0,20.0,15.0,116.26,
ARLO,17,24.0,3.0,24.0,12.15,
ARMK,55,45.0,80.0,39.0,55.54,
AROC,17,1.0,30.0,21.0,30.34,bdr
ARR,2,0.0,1.0,6.0,13.47,
ARW,82,85.0,96.0,66.0,226.75,el
ARWR,23,18.0,45.0,6.0,60.74,
AS,20,12.0,0.0,49.0,27.45,
ASB,34,42.0,30.0,29.0,28.76,
ASH,64,60.0,86.0,47.0,70.69,
ASND,16,24.0,16.0,9.0,222.69,
ASO,52,66.0,32.0,58.0,52.76,
ASTE,8,2.0,0.0,23.0,38.78,
ASTH,38,24.0,54.0,37.0,35.87,
ASTS,11,3.0,0.0,31.0,56.93,
ATEN,62,59.0,62.0,66.0,27.96,
ATI,46,40.0,75.0,23.0,188.13,
ATMU,13,3.0,9.0,28.0,42.62,
ATO,25,21.0,6.0,48.0,160.66,
ATR,29,30.0,12.0,46.0,121.81,
AU,33,38.0,44.0,18.0,90.78,
AUB,27,29.0,19.0,34.0,37.92,
AUGO,62,75.0,65.0,47.0,82.49,
AUR,31,33.0,51.0,9.0,5.73,
AVA,14,7.0,7.0,29.0,35.48,
AVAV,15,10.0,4.0,30.0,137.6,
AVGO,34,30.0,24.0,48.0,360.14,
AVNT,59,63.0,66.0,49.0,40.98,
AVT,86,81.0,100.0,77.0,99.56,el|cp
AVTR,78,97.0,77.0,61.0,15.39,cp|sq
AVY,37,38.0,28.0,45.0,167.62,
AWI,30,30.0,12.0,47.0,163.1,
AWK,21,37.0,10.0,17.0,128.18,
AWR,35,46.0,36.0,22.0,81.83,
AX,25,27.0,17.0,30.0,88.46,
AXON,17,18.0,22.0,12.0,417.31,
AXP,21,10.0,10.0,42.0,308.1,
AXS,24,17.0,14.0,42.0,97.5,
AXSM,22,13.0,45.0,7.0,170.08,
AXTA,50,54.0,54.0,42.0,32.81,
AYI,23,25.0,14.0,31.0,300.43,
AZO,23,16.0,4.0,50.0,2910.54,
AZTA,87,89.0,79.0,92.0,36.0,em
AZZ,43,37.0,42.0,50.0,136.38,
BA,10,7.0,0.0,24.0,187.75,
BAC,22,30.0,23.0,14.0,53.61,
BAH,30,22.0,20.0,49.0,72.87,
BALL,33,31.0,30.0,39.0,58.37,
BAM,24,28.0,11.0,34.0,45.17,
BANC,14,6.0,10.0,25.0,17.35,
BANF,19,15.0,3.0,40.0,106.9,
BANR,35,48.0,32.0,24.0,66.87,
BAX,55,55.0,62.0,49.0,23.9,
BBIO,20,17.0,26.0,16.0,65.04,
BBT,23,32.0,22.0,14.0,27.48,
BBWI,22,12.0,2.0,52.0,17.71,
BBY,65,78.0,73.0,44.0,88.4,cp
BC,7,2.0,10.0,8.0,62.35,
BCC,30,31.0,17.0,41.0,74.22,
BCO,18,12.0,13.0,30.0,102.36,
BCPC,51,58.0,40.0,54.0,168.63,
BDC,22,28.0,15.0,24.0,107.94,
BDX,69,81.0,68.0,57.0,182.75,
BE,76,73.0,98.0,56.0,272.82,
BEN,53,45.0,77.0,36.0,32.4,
BEPC,13,10.0,0.0,28.0,29.38,
BF-B,40,42.0,17.0,62.0,26.54,
BFAM,28,16.0,3.0,65.0,68.89,
BFH,54,48.0,86.0,27.0,100.73,
BFS,13,5.0,8.0,25.0,29.72,
BG,20,15.0,36.0,10.0,107.82,
BGC,44,62.0,47.0,22.0,11.23,
BHE,75,70.0,82.0,73.0,81.16,gcl
BHF,17,3.0,12.0,36.0,48.99,bdr
BIIB,78,81.0,86.0,66.0,218.43,el|gcl
BILL,39,47.0,43.0,28.0,44.98,
BIO,65,75.0,79.0,42.0,360.4,
BIRK,22,11.0,0.0,56.0,33.12,
BJ,73,84.0,48.0,86.0,99.04,
BJRI,55,38.0,84.0,43.0,59.54,
BKE,33,33.0,10.0,57.0,43.31,
BKH,56,53.0,48.0,68.0,76.52,
BKNG,16,23.0,0.0,24.0,159.97,
BKR,27,31.0,29.0,21.0,56.3,
BKU,18,11.0,16.0,26.0,42.61,
BL,27,21.0,8.0,51.0,29.25,
BLDR,4,0.0,0.0,13.0,53.81,
BLK,40,47.0,27.0,47.0,1065.35,
BLKB,55,61.0,47.0,58.0,44.84,
BLSH,30,39.0,20.0,31.0,31.41,
BMI,16,5.0,0.0,44.0,127.66,
BMNR,53,74.0,38.0,48.0,24.04,
BMRN,21,34.0,17.0,13.0,54.89,
BMY,42,49.0,53.0,24.0,59.58,
BNL,13,20.0,10.0,9.0,18.24,
BNY,37,44.0,56.0,12.0,143.61,
BOH,11,6.0,14.0,14.0,67.71,
BOKF,24,30.0,20.0,22.0,126.42,
BOOT,5,2.0,0.0,14.0,121.6,
BOX,79,96.0,74.0,66.0,36.31,sq
BPOP,35,40.0,41.0,25.0,155.79,
BR,37,31.0,30.0,49.0,165.21,
BRC,35,29.0,30.0,46.0,84.41,
BRK-B,53,72.0,34.0,54.0,511.05,
BRKR,68,59.0,85.0,61.0,57.92,
BRO,27,32.0,5.0,43.0,63.75,
BROS,14,12.0,0.0,30.0,39.78,
BRX,15,10.0,12.0,24.0,27.08,
BSX,14,12.0,3.0,28.0,42.04,
BSY,49,45.0,26.0,75.0,34.82,
BTSG,60,53.0,80.0,46.0,63.66,
BTU,21,20.0,14.0,28.0,25.0,
BURL,28,15.0,16.0,54.0,276.84,
BWA,45,36.0,65.0,35.0,61.72,
BWXT,12,10.0,0.0,25.0,142.22,
BX,14,25.0,4.0,13.0,112.68,
BXMT,2,0.0,0.0,6.0,11.21,
BXP,21,25.0,17.0,21.0,59.32,
BYD,10,5.0,0.0,24.0,70.0,
C,36,41.0,43.0,25.0,128.08,
CACC,29,34.0,38.0,14.0,542.82,
CACI,56,72.0,53.0,44.0,599.4,
CAG,13,15.0,7.0,18.0,13.57,
CAH,63,69.0,69.0,51.0,238.96,
CAI,67,78.0,57.0,65.0,27.5,
CAKE,79,82.0,100.0,54.0,106.91,el
CALM,6,3.0,0.0,14.0,64.83,
CALX,28,17.0,0.0,67.0,36.08,
CALY,26,15.0,47.0,17.0,13.87,
CAR,3,0.0,0.0,9.0,110.0,
CARG,14,22.0,0.0,19.0,29.24,
CARR,20,12.0,7.0,41.0,55.83,
CART,51,55.0,48.0,49.0,46.3,
CASH,11,4.0,9.0,19.0,72.09,
CASY,28,14.0,23.0,47.0,642.28,
CAT,37,18.0,52.0,41.0,796.18,
CATY,42,45.0,48.0,34.0,59.6,
CAVA,19,10.0,2.0,46.0,54.31,
CB,54,65.0,41.0,56.0,343.78,
CBOE,53,48.0,50.0,61.0,294.08,
CBRE,16,15.0,4.0,28.0,131.08,
CBRL,70,66.0,85.0,60.0,55.34,ed
CBSH,30,43.0,24.0,22.0,54.61,
CBT,24,21.0,20.0,31.0,75.61,
CBU,21,24.0,13.0,26.0,59.1,
CC,10,0.0,5.0,26.0,13.83,
CCC,44,45.0,43.0,43.0,6.57,
CCI,7,3.0,0.0,19.0,68.89,
CCK,44,53.0,38.0,42.0,108.88,
CCL,35,28.0,11.0,67.0,26.13,
CCOI,22,10.0,0.0,57.0,9.56,
CCS,18,23.0,10.0,22.0,56.76,
CDE,19,24.0,16.0,18.0,16.87,
CDNS,45,40.0,39.0,56.0,348.84,
CDP,35,39.0,35.0,31.0,33.47,
CDW,39,49.0,24.0,43.0,139.88,
CE,31,22.0,19.0,53.0,44.81,
CEG,39,37.0,27.0,54.0,285.07,
CELH,16,7.0,0.0,41.0,27.4,
CENT,52,49.0,52.0,55.0,40.55,
CENTA,50,48.0,43.0,58.0,35.02,
CENX,14,3.0,33.0,5.0,36.38,
CERT,73,75.0,55.0,89.0,8.64,
CF,31,44.0,36.0,13.0,113.58,
CFFN,48,49.0,59.0,36.0,8.47,
CFG,28,28.0,32.0,25.0,64.09,
CFR,38,46.0,42.0,26.0,152.36,
CG,7,8.0,0.0,13.0,38.39,
CGNX,45,37.0,54.0,44.0,60.91,
CHCO,48,53.0,50.0,40.0,140.61,
CHD,50,56.0,34.0,59.0,97.73,
CHDN,10,7.0,0.0,22.0,76.16,
CHE,49,48.0,61.0,37.0,498.25,
CHEF,79,81.0,100.0,55.0,111.4,el|cp
CHH,38,33.0,18.0,64.0,104.82,
CHRD,65,75.0,76.0,45.0,142.34,lr|gcl
CHRW,20,14.0,15.0,32.0,141.34,
CHTR,5,9.0,0.0,6.0,109.67,
CHWY,10,10.0,0.0,19.0,18.91,
CHYM,65,66.0,96.0,33.0,28.96,
CI,39,47.0,16.0,55.0,281.03,
CIEN,52,34.0,47.0,76.0,425.93,
CINF,31,36.0,19.0,38.0,165.25,
CL,41,40.0,32.0,51.0,88.1,
CLF,66,83.0,61.0,55.0,12.19,
CLH,66,87.0,61.0,50.0,317.34,
CLSK,17,35.0,9.0,7.0,10.63,bb
CLX,13,6.0,0.0,32.0,83.44,
CMC,22,13.0,29.0,25.0,63.1,
CMCSA,8,11.0,0.0,13.0,21.21,
CME,48,48.0,35.0,60.0,276.44,
CMG,16,15.0,4.0,30.0,32.68,
CMI,19,0.0,26.0,30.0,520.4,
CMS,19,17.0,3.0,38.0,65.34,
CNA,27,26.0,15.0,39.0,46.69,
CNC,63,56.0,85.0,49.0,64.54,
CNH,47,70.0,49.0,21.0,12.13,
CNK,76,80.0,84.0,63.0,36.77,el|sq
CNM,12,5.0,0.0,31.0,40.37,
CNMD,51,53.0,55.0,45.0,45.11,
CNO,54,52.0,77.0,34.0,53.55,
CNP,23,19.0,9.0,42.0,38.42,
CNR,31,36.0,29.0,28.0,88.55,
CNS,26,28.0,32.0,17.0,70.71,
CNX,30,28.0,25.0,38.0,33.83,
CNXC,36,36.0,21.0,52.0,27.07,
CNXN,90,95.0,100.0,76.0,90.89,el
COCO,40,0.0,53.0,68.0,55.98,
COF,29,29.0,21.0,37.0,199.4,
COHR,51,46.0,59.0,48.0,302.35,
COHU,92,89.0,100.0,87.0,68.37,el|gcl
COIN,31,35.0,22.0,36.0,172.0,
COKE,62,74.0,59.0,53.0,191.86,
COLB,26,26.0,21.0,30.0,28.53,
COLD,38,35.0,33.0,46.0,13.81,
COLL,12,3.0,0.0,32.0,22.11,bdr
COLM,29,10.0,21.0,55.0,56.76,
CON,90,95.0,100.0,74.0,36.61,el|grl
COO,8,5.0,0.0,18.0,54.3,
COP,73,93.0,75.0,52.0,134.19,gcl
COR,50,68.0,33.0,50.0,321.35,
CORT,82,97.0,90.0,59.0,118.54,el|gcl
COST,40,38.0,25.0,56.0,947.92,
COTY,56,63.0,55.0,51.0,2.79,
CPAY,71,67.0,93.0,54.0,402.08,
CPB,9,9.0,0.0,17.0,19.37,
CPF,38,41.0,41.0,33.0,36.24,
CPK,30,37.0,16.0,38.0,128.16,
CPNG,28,20.0,0.0,64.0,15.41,
CPRT,12,13.0,8.0,15.0,27.48,
CPT,14,8.0,9.0,25.0,96.76,
CR,42,40.0,36.0,51.0,202.12,
CRBG,73,93.0,70.0,55.0,34.45,
CRC,22,15.0,19.0,31.0,53.05,
CRCL,28,39.0,21.0,23.0,80.84,
CRDO,66,46.0,80.0,72.0,211.86,
CRGY,62,71.0,71.0,43.0,13.01,
CRH,9,0.0,0.0,26.0,81.88,
CRI,30,13.0,20.0,57.0,32.52,
CRK,24,23.0,13.0,36.0,13.71,
CRL,90,95.0,100.0,75.0,298.0,el|gcl
CRM,60,81.0,62.0,37.0,227.8,
CROX,52,36.0,64.0,55.0,116.84,
CRS,23,15.0,45.0,10.0,387.1,
CRSR,81,84.0,100.0,60.0,13.09,el|cp|gcl
CRUS,21,13.0,5.0,44.0,113.2,
CRVL,79,95.0,68.0,74.0,76.35,sq
CRWD,96,95.0,100.0,93.0,263.01,el|cp|ed|gcl
CRWV,14,17.0,1.0,24.0,81.58,
CSCO,69,60.0,84.0,63.0,114.89,
CSGP,31,22.0,12.0,58.0,29.81,
CSL,23,12.0,16.0,40.0,321.25,
CSR,26,28.0,13.0,37.0,54.91,
CSW,38,34.0,40.0,41.0,286.62,
CSX,51,53.0,55.0,44.0,47.34,
CTAS,58,70.0,49.0,54.0,201.12,
CTRE,14,11.0,14.0,18.0,35.79,
CTS,50,38.0,61.0,52.0,57.31,
CTSH,46,47.0,29.0,62.0,60.01,
CTVA,74,78.0,69.0,74.0,13.75,
CUBE,24,30.0,12.0,31.0,37.51,
CUBI,32,35.0,33.0,29.0,74.6,
CURB,27,26.0,32.0,22.0,27.22,
CUZ,40,35.0,39.0,46.0,27.72,
CVBF,41,47.0,38.0,38.0,21.75,
CVCO,40,26.0,34.0,59.0,548.72,
CVI,89,99.0,100.0,69.0,59.54,el|bc|sq
CVLT,68,78.0,47.0,79.0,151.0,
CVNA,13,12.0,8.0,19.0,63.2,
CVS,28,19.0,37.0,27.0,87.8,
CVSA,51,63.0,30.0,60.0,130.29,
CVX,73,95.0,74.0,51.0,211.55,
CW,9,1.0,7.0,18.0,507.29,
CWEN,14,4.0,9.0,29.0,29.95,
CWK,11,8.0,0.0,25.0,11.83,
CWST,14,10.0,8.0,24.0,84.05,
CWT,22,30.0,14.0,21.0,45.6,
CXM,33,33.0,10.0,55.0,5.42,
CXT,34,41.0,19.0,42.0,48.18,
CXW,63,65.0,90.0,34.0,32.71,
CYTK,12,15.0,16.0,6.0,62.01,
CZR,46,46.0,49.0,43.0,29.52,
D,24,24.0,15.0,33.0,61.75,
DAL,60,40.0,72.0,68.0,82.14,
DAN,41,30.0,58.0,36.0,29.02,
DAR,46,50.0,62.0,26.0,62.25,
DASH,41,48.0,35.0,41.0,191.71,
DAVE,55,40.0,80.0,45.0,353.4,
DBD,19,2.0,19.0,37.0,63.02,
DBX,63,70.0,79.0,40.0,34.14,cp
DCH,27,17.0,32.0,32.0,5.69,
DCI,33,28.0,26.0,45.0,87.16,
DCOM,43,49.0,48.0,33.0,38.55,
DD,42,24.0,43.0,59.0,132.48,
DDOG,79,80.0,93.0,65.0,273.8,el|gcl
DDS,65,82.0,48.0,64.0,648.82,
DE,62,80.0,70.0,35.0,652.58,
DEA,32,30.0,26.0,41.0,23.22,
DECK,22,10.0,0.0,57.0,82.56,
DEI,17,15.0,11.0,25.0,9.9,
DELL,89,98.0,100.0,69.0,574.55,el|gcl
DFH,4,2.0,0.0,9.0,9.6,
DFIN,55,70.0,32.0,63.0,50.2,
DG,50,42.0,54.0,53.0,124.27,
DGII,81,70.0,97.0,75.0,74.93,gcl
DGX,53,56.0,69.0,34.0,230.81,
DHI,18,10.0,1.0,43.0,135.82,
DHR,69,89.0,47.0,72.0,217.46,
DINO,91,100.0,100.0,74.0,120.72,el|pc
DIOD,72,73.0,74.0,68.0,96.24,
DIS,63,86.0,38.0,65.0,107.02,
DKNG,4,2.0,0.0,11.0,19.87,
DKS,21,10.0,0.0,52.0,134.63,
DLB,37,42.0,22.0,46.0,58.45,
DLR,27,34.0,18.0,29.0,176.07,
DLTR,56,50.0,64.0,53.0,118.62,
DLX,28,8.0,30.0,46.0,23.05,
DMC,20,19.0,13.0,28.0,29.6,
DNOW,61,72.0,62.0,48.0,15.65,
DOC,23,24.0,24.0,21.0,18.52,
DOCN,54,49.0,84.0,29.0,123.9,
DOCS,74,72.0,55.0,94.0,29.38,sq
DOCU,80,97.0,68.0,76.0,71.43,sq
DORM,24,20.0,15.0,37.0,121.67,
DOV,25,7.0,22.0,45.0,188.96,
DOW,35,19.0,38.0,47.0,28.59,
DOX,39,42.0,20.0,56.0,60.25,
DPZ,26,22.0,11.0,45.0,308.65,
DRH,73,67.0,86.0,67.0,12.6,
DRI,33,37.0,29.0,33.0,200.52,
DRS,14,2.0,0.0,40.0,35.87,bdr
DT,89,99.0,86.0,83.0,61.12,el|br|gcl
DTE,16,17.0,3.0,29.0,127.1,
DTM,18,6.0,18.0,31.0,123.76,
DUK,24,24.0,8.0,40.0,116.84,
DUOL,70,81.0,55.0,74.0,151.22,
DV,78,98.0,81.0,55.0,13.5,el|br|cp
DVA,39,26.0,59.0,33.0,177.02,
DVN,70,89.0,69.0,53.0,48.92,
DXC,66,73.0,32.0,92.0,12.37,
DXCM,60,60.0,81.0,40.0,84.41,
DXPE,62,67.0,83.0,36.0,178.58,
DY,15,0.0,9.0,35.0,277.21,
EAT,50,44.0,81.0,24.0,190.2,
EBAY,65,76.0,52.0,66.0,111.98,
EBC,36,42.0,30.0,37.0,21.08,
ECG,40,13.0,45.0,61.0,122.17,
ECHO,46,44.0,35.0,58.0,93.36,
ECL,53,68.0,31.0,61.0,281.69,
ECPG,75,77.0,93.0,56.0,100.06,
ED,32,27.0,20.0,48.0,105.99,
EEFT,8,3.0,0.0,21.0,63.66,
EFC,7,12.0,1.0,9.0,11.64,
EFOR,56,72.0,23.0,73.0,35.93,
EFX,6,8.0,0.0,9.0,145.54,
EG,53,69.0,37.0,54.0,373.1,
EGBN,69,86.0,58.0,63.0,28.3,sq
EGP,31,27.0,30.0,35.0,195.12,
EHC,64,92.0,44.0,55.0,122.54,
EIG,59,66.0,53.0,57.0,50.07,
EIX,20,12.0,12.0,37.0,54.3,
EL,57,63.0,63.0,44.0,94.32,
ELAN,24,11.0,22.0,38.0,22.54,
ELF,67,86.0,55.0,59.0,105.96,
ELS,19,15.0,9.0,33.0,58.5,
ELV,56,70.0,54.0,45.0,400.94,
EME,52,60.0,34.0,61.0,778.24,
EMN,21,14.0,16.0,33.0,63.76,
EMR,69,77.0,61.0,68.0,159.06,
ENOV,12,4.0,0.0,31.0,17.43,
ENPH,12,0.0,15.0,20.0,32.91,
ENR,49,47.0,33.0,66.0,21.44,
ENS,35,6.0,46.0,53.0,179.31,
ENSG,28,19.0,19.0,47.0,171.49,
ENTG,82,82.0,88.0,76.0,162.19,el|gcl
ENVA,40,27.0,73.0,19.0,182.59,
EOG,66,73.0,68.0,57.0,148.51,
EPAC,22,19.0,12.0,36.0,34.91,
EPAM,44,61.0,20.0,52.0,113.86,
EPC,65,58.0,78.0,59.0,27.73,
EPR,22,28.0,19.0,20.0,54.41,
EPRT,4,4.0,0.0,7.0,25.05,
EQH,73,93.0,69.0,56.0,53.48,
EQIX,43,44.0,42.0,42.0,1011.16,
EQT,35,38.0,21.0,47.0,52.94,
ERIE,13,13.0,0.0,26.0,226.54,
ES,14,13.0,4.0,26.0,65.69,
ESAB,11,1.0,0.0,31.0,64.88,
ESE,19,2.0,27.0,29.0,254.06,
ESI,47,36.0,47.0,59.0,36.71,
ESNT,35,48.0,31.0,26.0,63.59,
ESS,32,28.0,26.0,42.0,268.58,
ESTC,80,94.0,80.0,67.0,95.26,el|gcl
ETN,55,62.0,45.0,58.0,424.51,
ETR,26,21.0,16.0,41.0,102.49,
ETSY,55,48.0,52.0,66.0,75.14,
EVR,14,10.0,0.0,33.0,266.75,
EVRG,32,26.0,19.0,50.0,80.52,
EVTC,41,52.0,22.0,49.0,29.34,
EW,35,33.0,31.0,42.0,84.24,
EWBC,43,44.0,42.0,44.0,126.25,
EXC,20,20.0,3.0,36.0,41.73,
EXE,23,24.0,10.0,34.0,88.86,
EXEL,78,87.0,89.0,57.0,59.02,el|gcl
EXLS,65,78.0,48.0,68.0,36.87,
EXP,5,1.0,0.0,13.0,167.3,
EXPD,84,93.0,99.0,61.0,193.71,el
EXPE,48,42.0,59.0,43.0,270.13,
EXPO,61,72.0,43.0,68.0,69.78,
EXR,23,14.0,10.0,46.0,133.12,
EXTR,59,46.0,62.0,70.0,24.18,
EYE,18,13.0,0.0,41.0,16.74,
EZPW,51,58.0,60.0,35.0,31.17,
F,18,18.0,19.0,17.0,12.25,
FA,41,38.0,69.0,15.0,18.73,
FAF,18,28.0,18.0,8.0,62.81,
FANG,49,57.0,53.0,36.0,191.68,
FAST,60,77.0,40.0,63.0,50.49,
FBIN,19,13.0,3.0,42.0,39.31,
FBK,24,28.0,6.0,39.0,52.91,
FBNC,30,36.0,33.0,22.0,59.73,
FBP,45,46.0,56.0,34.0,26.67,
FBRT,2,5.0,0.0,2.0,6.26,
FCF,40,47.0,44.0,29.0,20.06,
FCFS,42,46.0,56.0,24.0,211.49,
FCN,18,16.0,2.0,35.0,140.5,
FCNCA,43,47.0,40.0,41.0,2065.8899,
FCPT,7,9.0,2.0,10.0,21.25,
FCX,57,57.0,77.0,38.0,71.14,
FDS,67,72.0,69.0,61.0,286.52,sq
FDX,35,28.0,49.0,27.0,291.73,
FE,26,24.0,11.0,42.0,44.85,
FELE,37,37.0,19.0,54.0,96.87,
FERG,23,15.0,11.0,42.0,216.73,
FFBC,37,39.0,37.0,36.0,31.2,
FFIN,24,29.0,12.0,32.0,31.43,
FFIV,86,88.0,90.0,81.0,461.66,el|gcl
FG,5,3.0,0.0,11.0,19.53,
FHB,19,7.0,12.0,38.0,24.96,
FHI,28,33.0,23.0,29.0,55.95,
FHN,25,29.0,14.0,31.0,23.31,
FIBK,26,29.0,26.0,24.0,34.94,
FICO,4,2.0,0.0,10.0,707.43,
FIG,42,36.0,36.0,55.0,22.63,
FIGR,8,16.0,0.0,7.0,27.6,
FIS,9,4.0,0.0,22.0,34.34,
FISV,14,8.0,1.0,32.0,45.94,
FITB,29,27.0,30.0,29.0,50.7,
FIVE,40,42.0,59.0,19.0,209.73,
FIVN,93,94.0,100.0,85.0,35.15,el|cp|pc|gcl
FIX,62,56.0,64.0,67.0,1706.39,
FIZZ,25,23.0,1.0,51.0,30.84,
FLEX,60,45.0,80.0,55.0,114.74,
FLG,7,3.0,7.0,10.0,11.35,
FLO,18,11.0,0.0,43.0,5.94,
FLR,38,49.0,43.0,22.0,51.01,
FLS,33,31.0,44.0,24.0,69.65,
FLUT,4,2.0,0.0,9.0,81.58,
FMC,3,4.0,0.0,6.0,8.92,
FN,46,23.0,46.0,68.0,487.33,
FNB,27,30.0,19.0,31.0,17.28,
FND,16,4.0,0.0,43.0,46.5,
FNF,5,3.0,0.0,11.0,39.77,
FORM,84,84.0,82.0,87.0,137.13,el|gcl
FOUR,19,13.0,0.0,43.0,39.52,
FOX,47,52.0,41.0,47.0,56.97,
FOXA,46,52.0,41.0,44.0,63.57,
FOXF,37,42.0,29.0,41.0,18.5,
FR,30,26.0,27.0,38.0,59.3,
FRHC,57,80.0,33.0,57.0,166.7,
FRPT,53,54.0,53.0,51.0,65.18,
FRT,21,23.0,21.0,18.0,105.46,
FSLR,4,1.0,0.0,10.0,178.85,
FSS,28,30.0,18.0,37.0,112.61,
FTAI,11,0.0,11.0,23.0,171.06,
FTDR,61,58.0,76.0,50.0,79.59,
FTI,38,45.0,52.0,18.0,69.63,
FTNT,90,92.0,100.0,79.0,189.1,el|br|gcl
FTRE,91,85.0,100.0,87.0,20.37,el|gcl
FTV,34,24.0,22.0,55.0,56.42,
FUL,23,16.0,1.0,51.0,50.44,
FULT,34,41.0,36.0,26.0,22.27,
FUN,5,0.0,0.0,15.0,11.41,
FWONA,42,53.0,23.0,49.0,87.57,
FWONK,41,53.0,22.0,49.0,95.07,
G,36,32.0,24.0,53.0,34.67,
GAP,57,59.0,39.0,72.0,23.36,
GATX,14,17.0,7.0,17.0,162.78,
GBCI,13,6.0,4.0,28.0,42.98,
GBX,5,3.0,1.0,12.0,38.63,
GD,20,28.0,10.0,23.0,329.9,
GDDY,69,79.0,50.0,79.0,103.19,
GE,24,23.0,16.0,32.0,305.62,
GEF,58,53.0,77.0,44.0,81.88,
GEHC,24,15.0,8.0,49.0,64.22,
GEN,21,28.0,27.0,9.0,22.75,
GEO,63,52.0,89.0,48.0,30.96,
GEV,59,55.0,55.0,66.0,999.35,
GFF,46,46.0,57.0,35.0,92.15,
GFL,53,87.0,21.0,52.0,42.33,
GFS,46,21.0,49.0,69.0,49.36,
GGG,36,30.0,20.0,58.0,78.37,
GH,68,68.0,91.0,45.0,165.56,
GHC,58,66.0,40.0,67.0,1184.62,
GIII,18,4.0,11.0,38.0,26.77,bdr
GILD,63,82.0,59.0,47.0,147.1,
GIS,8,11.0,0.0,13.0,32.59,
GKOS,59,49.0,93.0,35.0,161.29,
GL,39,40.0,47.0,30.0,166.08,
GLPI,8,5.0,0.0,20.0,38.26,
GLW,37,41.0,45.0,26.0,152.83,
GLXY,10,24.0,1.0,6.0,20.085,
GM,55,50.0,69.0,45.0,82.25,
GME,70,72.0,49.0,90.0,25.28,
GMED,30,12.0,32.0,46.0,73.33,
GNL,12,14.0,11.0,10.0,7.96,
GNRC,62,51.0,55.0,79.0,224.4,
GNTX,12,9.0,2.0,24.0,21.15,
GNW,42,49.0,48.0,29.0,9.74,
GO,69,84.0,55.0,69.0,11.93,
GOLF,14,2.0,10.0,31.0,79.14,
GOOG,61,60.0,60.0,62.0,344.86,
GOOGL,61,60.0,62.0,62.0,348.29,
GPC,41,47.0,38.0,38.0,128.17,
GPI,5,2.0,0.0,12.0,236.61,
GPK,7,6.0,0.0,15.0,8.58,
GPN,45,50.0,50.0,34.0,82.77,
GPOR,28,26.0,16.0,42.0,164.64,
GRBK,14,8.0,4.0,30.0,63.64,
GRMN,47,54.0,41.0,45.0,268.44,
GS,16,19.0,24.0,4.0,882.59,
GSAT,73,88.0,74.0,58.0,83.22,br
GSHD,14,21.0,12.0,8.0,45.385,
GT,5,3.0,0.0,11.0,4.75,
GTES,53,65.0,35.0,59.0,26.74,
GTLB,84,98.0,78.0,76.0,53.56,
GTM,36,27.0,20.0,60.0,3.83,
GTY,9,5.0,16.0,6.0,27.9,
GVA,20,3.0,19.0,39.0,113.83,
GWRE,63,50.0,54.0,85.0,164.78,
GWW,48,48.0,50.0,46.0,1268.67,
GXO,22,13.0,1.0,51.0,46.36,
H,32,15.0,27.0,54.0,159.43,
HAE,95,99.0,100.0,85.0,119.47,em|pc|ei|slg|sq
HAFC,52,60.0,52.0,43.0,31.28,
HAL,24,13.0,41.0,17.0,32.57,
HALO,81,87.0,100.0,56.0,109.84,el|cp|gcl
HAS,62,70.0,54.0,63.0,92.5,
HASI,31,28.0,30.0,35.0,36.35,
HAYW,5,2.0,0.0,12.0,11.44,
HBAN,13,10.0,5.0,23.0,15.37,
HCA,52,60.0,28.0,67.0,445.01,
HCC,47,38.0,70.0,34.0,89.8,
HCI,61,72.0,49.0,63.0,192.35,
HCSG,31,21.0,45.0,28.0,20.66,
HD,19,17.0,0.0,41.0,295.47,
HE,4,1.0,0.0,12.0,8.82,
HEI,23,22.0,13.0,35.0,295.91,
HFWA,36,40.0,30.0,38.0,27.57,
HGV,5,1.0,0.0,13.0,34.56,
HHH,52,56.0,27.0,74.0,71.93,
HIG,24,28.0,11.0,33.0,129.48,
HII,16,9.0,8.0,31.0,265.02,
HIMS,38,25.0,35.0,53.0,28.06,
HIW,40,37.0,43.0,40.0,29.18,
HL,31,23.0,54.0,17.0,16.73,
HLI,11,6.0,2.0,25.0,125.53,
HLIT,27,14.0,34.0,33.0,11.07,
HLNE,18,18.0,13.0,23.0,85.66,
HLT,55,60.0,41.0,64.0,323.29,
HMN,22,25.0,21.0,19.0,45.9,
HNI,62,66.0,68.0,51.0,46.91,
HOG,58,70.0,46.0,58.0,26.75,
HOMB,34,45.0,26.0,30.0,28.48,
HON,24,11.0,12.0,50.0,206.6,
HOOD,41,65.0,39.0,20.0,107.01,
HOPE,46,50.0,50.0,38.0,13.46,
HP,60,63.0,83.0,35.0,40.19,
HPE,92,98.0,100.0,79.0,71.0,el|ed|gcl
HPQ,71,85.0,83.0,45.0,32.44,el|cp
HQY,45,52.0,37.0,46.0,93.05,
HR,17,18.0,12.0,21.0,17.19,
HRB,52,53.0,56.0,48.0,44.59,
HRL,10,4.0,0.0,25.0,19.42,
HRMY,64,71.0,94.0,27.0,39.6,cp
HSIC,52,49.0,59.0,47.0,84.63,
HST,56,49.0,62.0,57.0,22.54,
HSTM,82,92.0,82.0,71.0,32.47,bc
HSY,13,9.0,3.0,26.0,162.54,
HTH,31,36.0,28.0,29.0,36.68,
HTLD,24,1.0,45.0,27.0,11.35,bdr
HTO,28,34.0,34.0,16.0,58.07,
HUBG,4,3.0,0.0,9.0,26.43,
HUBS,43,38.0,35.0,56.0,231.84,
HUM,65,70.0,77.0,49.0,387.12,
HWC,40,44.0,39.0,36.0,72.71,
HWKN,33,37.0,4.0,58.0,127.79,
HWM,24,18.0,23.0,32.0,222.56,bdr
HXL,29,20.0,41.0,26.0,85.13,
HZO,82,99.0,100.0,47.0,52.43,el|gcl
IART,23,15.0,41.0,12.0,13.41,
IBKR,43,42.0,55.0,31.0,86.47,
IBM,15,6.0,2.0,36.0,226.61,
IBOC,21,15.0,14.0,34.0,68.4,
IBP,10,8.0,0.0,22.0,187.83,
ICE,47,63.0,30.0,47.0,155.35,
ICHR,45,24.0,57.0,54.0,58.83,
ICUI,54,43.0,73.0,46.0,157.18,
IDA,28,21.0,11.0,52.0,134.08,
IDCC,44,55.0,29.0,49.0,328.3,
IDXX,20,7.0,1.0,51.0,513.14,
IESC,43,38.0,66.0,25.0,300.43,
IEX,69,72.0,73.0,63.0,231.75,
IFF,70,76.0,76.0,58.0,84.65,lr
IIPR,17,19.0,16.0,16.0,51.92,
ILMN,96,93.0,100.0,94.0,264.57,el|gcl
INCY,41,49.0,59.0,15.0,112.75,
INDB,27,31.0,22.0,29.0,77.12,
INDV,45,22.0,59.0,55.0,35.45,
INGM,54,50.0,47.0,64.0,27.6,
INGR,18,16.0,5.0,32.0,95.11,
INSM,11,19.0,0.0,13.0,100.48,
INSP,54,75.0,43.0,44.0,66.69,
INSW,97,100.0,100.0,92.0,121.82,el|pc|slg|grl
INTC,68,65.0,86.0,52.0,107.08,gcl
INTU,30,26.0,17.0,47.0,303.88,
INVA,29,13.0,30.0,43.0,20.87,
INVH,26,27.0,14.0,36.0,26.48,
INVX,49,49.0,69.0,28.0,27.58,
IONQ,41,27.0,36.0,59.0,39.45,
IONS,4,0.0,0.0,12.0,43.3,
IOSP,80,95.0,81.0,65.0,97.69,el|grl
IOT,75,86.0,69.0,70.0,41.22,
IP,9,7.0,0.0,21.0,31.88,
IPAR,47,40.0,53.0,47.0,111.6,
IPGP,16,1.0,5.0,43.0,77.74,
IQV,74,87.0,88.0,47.0,258.88,el|cp
IR,35,22.0,15.0,68.0,78.0,
IRDM,61,42.0,84.0,57.0,47.56,
IREN,14,30.0,3.0,9.0,35.71,
IRM,36,35.0,28.0,44.0,112.97,
IRT,19,11.0,6.0,40.0,14.64,
ISRG,48,48.0,17.0,80.0,415.41,
IT,74,86.0,54.0,81.0,195.41,
ITGR,80,100.0,83.0,58.0,126.65,el
ITRI,16,29.0,7.0,12.0,84.23,
ITT,41,50.0,29.0,45.0,198.7,
ITW,35,33.0,24.0,48.0,264.71,
IVT,17,19.0,17.0,14.0,29.59,
IVZ,51,51.0,71.0,31.0,30.09,
J,41,49.0,33.0,40.0,138.59,
JAZZ,41,41.0,62.0,21.0,222.45,
JBGS,19,10.0,0.0,48.0,11.02,
JBHT,27,17.0,52.0,13.0,228.42,
JBL,37,19.0,53.0,40.0,299.16,
JBLU,7,3.0,0.0,18.0,3.92,
JBS,34,22.0,22.0,59.0,12.75,
JBSS,25,16.0,18.0,42.0,68.39,
JBTM,9,2.0,0.0,25.0,105.36,
JCI,75,85.0,71.0,68.0,154.0,
JEF,5,4.0,4.0,7.0,44.4,
JHX,41,44.0,57.0,21.0,25.15,
JJSF,40,46.0,20.0,53.0,81.69,
JKHY,23,19.0,22.0,27.0,149.05,
JLL,20,30.0,19.0,12.0,303.14,
JNJ,46,52.0,57.0,28.0,256.48,
JOE,55,50.0,57.0,57.0,65.25,
JPM,36,48.0,36.0,23.0,331.42,
JXN,69,79.0,86.0,43.0,133.06,cp|gcl
KAI,10,7.0,2.0,22.0,260.55,
KALU,34,21.0,58.0,23.0,149.74,
KBH,5,3.0,0.0,13.0,44.37,
KBR,23,16.0,8.0,45.0,35.18,
KD,17,15.0,7.0,29.0,11.88,
KDP,54,58.0,58.0,47.0,31.26,
KEX,54,62.0,53.0,47.0,138.11,
KEY,23,25.0,18.0,26.0,20.1,
KEYS,84,88.0,85.0,79.0,374.67,el|gcl
KFY,34,43.0,40.0,20.0,72.93,
KGS,21,13.0,45.0,6.0,53.57,
KHC,17,26.0,5.0,21.0,22.48,bdr
KIM,22,22.0,16.0,27.0,22.09,
KKR,14,26.0,4.0,13.0,89.56,
KLAC,57,44.0,63.0,63.0,196.72,
KLIC,62,57.0,67.0,62.0,90.92,
KMB,30,34.0,6.0,50.0,97.74,
KMI,50,51.0,35.0,63.0,32.25,
KMPR,29,27.0,3.0,56.0,27.47,
KMT,48,26.0,48.0,69.0,31.71,
KMX,42,46.0,57.0,24.0,53.79,
KN,75,77.0,88.0,61.0,37.14,gcl
KNF,10,0.0,0.0,31.0,52.27,
KNSL,22,28.0,8.0,29.0,339.65,
KNTK,74,89.0,80.0,53.0,54.41,el
KNX,35,19.0,56.0,31.0,65.05,
KO,59,64.0,64.0,50.0,87.77,
KOP,48,38.0,70.0,35.0,44.24,
KR,47,52.0,14.0,76.0,61.41,
KRC,34,30.0,26.0,46.0,34.19,
KRG,15,7.0,20.0,18.0,24.08,
KRMN,8,2.0,0.0,21.0,31.69,
KRYS,48,40.0,74.0,31.0,327.3,
KSS,76,64.0,86.0,77.0,20.11,sq
KTB,25,28.0,0.0,46.0,66.34,
KTOS,7,7.0,0.0,14.0,41.93,
KVUE,38,40.0,26.0,48.0,17.73,
KVYO,41,32.0,16.0,74.0,17.57,
KWR,62,58.0,67.0,61.0,158.11,sq
L,36,39.0,21.0,48.0,107.6,
LAD,20,26.0,22.0,11.0,288.87,
LAMR,45,48.0,43.0,45.0,145.7,
LAUR,66,69.0,63.0,66.0,39.2,
LAZ,8,4.0,0.0,19.0,35.82,
LBRT,21,1.0,45.0,17.0,18.85,
LBTYA,6,5.0,0.0,12.0,8.93,
LBTYK,5,6.0,0.0,10.0,8.75,
LCII,5,5.0,4.0,7.0,80.19,
LDOS,23,22.0,18.0,30.0,119.22,
LEA,22,8.0,27.0,30.0,118.53,
LECO,37,36.0,36.0,39.0,258.78,
LEN,18,7.0,2.0,45.0,77.6,
LEU,8,7.0,0.0,17.0,142.09,
LFST,66,68.0,99.0,30.0,12.06,
LFUS,60,54.0,72.0,55.0,425.3,
LGIH,19,16.0,24.0,16.0,44.98,
LGND,71,68.0,83.0,61.0,295.0,gcl
LH,55,65.0,59.0,41.0,314.2,
LHX,7,1.0,0.0,21.0,236.92,
LIF,23,13.0,7.0,50.0,41.88,
LII,16,2.0,0.0,46.0,361.54,
LIN,37,33.0,16.0,61.0,481.7,
LINE,14,16.0,6.0,19.0,34.44,
LITE,84,94.0,86.0,71.0,1048.6,el|gcl
LIVN,48,41.0,69.0,33.0,75.91,
LKFN,26,32.0,9.0,37.0,57.45,
LKQ,7,5.0,0.0,17.0,22.01,
LLY,64,55.0,72.0,65.0,1169.6,
LLYVA,45,53.0,26.0,57.0,95.65,
LLYVK,44,52.0,26.0,55.0,98.43,
LMAT,19,2.0,5.0,51.0,79.64,
LMT,20,13.0,16.0,30.0,507.89,
LNC,43,48.0,45.0,35.0,40.99,
LNG,59,74.0,49.0,53.0,277.88,
LNN,24,16.0,17.0,38.0,114.6,
LNT,22,18.0,8.0,40.0,65.5,
LNTH,54,49.0,75.0,39.0,100.12,
LOAR,16,20.0,2.0,26.0,61.62,
LOPE,48,61.0,15.0,69.0,160.3,
LOW,14,5.0,0.0,37.0,188.85,
LPG,89,99.0,100.0,67.0,58.23,el|pc|slg|grl
LPLA,41,54.0,34.0,36.0,328.0,
LPX,14,3.0,0.0,40.0,65.06,
LQDA,17,16.0,24.0,10.0,28.02,
LQDT,75,80.0,92.0,52.0,42.13,el|gcl
LRCX,60,52.0,73.0,56.0,320.59,
LRN,21,13.0,0.0,51.0,81.36,
LSCC,63,54.0,67.0,69.0,124.98,
LSTR,37,26.0,44.0,40.0,169.47,
LTC,59,79.0,53.0,45.0,42.05,
LTH,55,42.0,85.0,39.0,40.28,
LULU,9,4.0,0.0,22.0,92.68,
LUMN,4,7.0,0.0,6.0,5.56,
LUV,42,15.0,40.0,70.0,41.36,
LVS,2,1.0,0.0,5.0,36.1,
LW,50,47.0,36.0,67.0,49.46,
LXP,72,91.0,78.0,47.0,61.01,
LYB,31,17.0,42.0,35.0,60.34,
LYFT,53,47.0,36.0,76.0,16.13,
LYV,47,53.0,33.0,55.0,171.34,
LZ,26,12.0,10.0,55.0,5.925,
LZB,14,4.0,4.0,34.0,29.55,bdr
M,60,49.0,64.0,68.0,22.79,
MA,59,74.0,44.0,59.0,574.76,
MAA,10,7.0,0.0,23.0,116.19,
MAC,37,34.0,42.0,35.0,22.2,
MAN,66,58.0,97.0,42.0,54.36,
MANH,71,95.0,69.0,48.0,206.78,
MAR,55,46.0,50.0,68.0,361.08,
MARA,16,35.0,8.0,4.0,9.91,
MAS,37,32.0,26.0,54.0,69.5,
MAT,57,47.0,43.0,82.0,16.58,
MATW,11,3.0,0.0,31.0,19.31,
MATX,76,81.0,97.0,49.0,227.79,el|cp|pc
MBC,10,3.0,0.0,27.0,6.93,
MBIN,48,50.0,66.0,28.0,49.8,
MC,5,6.0,0.0,9.0,56.27,
MCD,11,3.0,0.0,29.0,236.9,
MCHP,38,18.0,34.0,61.0,75.52,
MCK,71,89.0,61.0,64.0,930.25,
MCO,29,31.0,20.0,35.0,458.69,
MCRI,37,37.0,46.0,27.0,115.37,
MCY,50,51.0,42.0,57.0,102.29,
MD,61,60.0,79.0,44.0,26.24,
MDB,60,48.0,74.0,57.0,371.35,
MDGL,18,27.0,18.0,10.0,476.91,
MDLZ,43,58.0,28.0,43.0,60.67,
MDT,33,40.0,21.0,37.0,87.75,
MDU,24,18.0,14.0,41.0,18.81,
MEDP,66,79.0,63.0,55.0,602.7,
MET,74,89.0,73.0,61.0,98.47,pc
META,71,89.0,45.0,78.0,720.89,
MGEE,11,11.0,0.0,21.0,70.73,
MGM,8,14.0,4.0,7.0,30.01,
MGY,18,13.0,17.0,23.0,24.48,
MHK,43,52.0,44.0,32.0,119.44,
MHO,20,26.0,17.0,17.0,130.17,
MIDD,16,3.0,8.0,36.0,105.4,bdr
MIR,31,40.0,4.0,49.0,16.22,
MKC,10,10.0,0.0,20.0,45.94,
MKL,23,19.0,4.0,45.0,1767.8199,
MKSI,36,10.0,50.0,48.0,260.38,
MKTX,58,91.0,31.0,52.0,164.31,
MLI,40,33.0,47.0,39.0,60.49,
MLKN,56,52.0,76.0,41.0,20.77,
MLM,11,0.0,0.0,34.0,481.57,
MMI,33,42.0,29.0,27.0,28.76,
MMM,44,46.0,40.0,45.0,163.58,
MMS,37,29.0,11.0,70.0,58.77,
MMSI,54,59.0,60.0,44.0,85.25,
MNST,49,47.0,51.0,49.0,43.65,
MO,59,75.0,35.0,68.0,71.42,
MOD,23,0.0,27.0,43.0,181.89,
MOG-A,48,36.0,63.0,46.0,362.92,
MOH,44,40.0,43.0,49.0,195.76,
MORN,60,75.0,46.0,58.0,202.74,
MOS,11,18.0,1.0,13.0,19.73,
MP,10,13.0,0.0,17.0,46.14,
MPC,92,100.0,100.0,77.0,463.34,bc
MPT,5,1.0,0.0,14.0,3.19,
MPWR,71,71.0,62.0,80.0,1369.8,
MRCY,15,1.0,12.0,31.0,78.52,bdr
MRK,64,71.0,85.0,37.0,142.38,
MRNA,91,94.0,100.0,79.0,197.0,el|gcl
MRP,7,10.0,0.0,10.0,22.63,
MRSH,38,42.0,16.0,57.0,176.67,
MRTN,17,1.0,27.0,23.0,12.79,
MRVL,92,86.0,100.0,89.0,274.66,gcl
MS,23,24.0,37.0,7.0,187.44,
MSA,40,48.0,35.0,38.0,178.1,
MSCI,36,33.0,21.0,54.0,561.67,
MSEX,24,33.0,16.0,24.0,53.08,
MSFT,76,96.0,66.0,67.0,522.61,
MSGS,78,84.0,87.0,62.0,407.17,el
MSI,39,54.0,29.0,35.0,447.12,
MSM,83,83.0,90.0,76.0,128.92,el
MSTR,57,59.0,41.0,72.0,151.47,
MTB,24,28.0,26.0,19.0,217.56,
MTCH,65,77.0,74.0,43.0,41.5,cp|pc
MTD,80,92.0,62.0,86.0,1529.46,
MTDR,37,45.0,42.0,23.0,54.48,
MTG,32,46.0,27.0,22.0,27.87,
MTH,12,2.0,1.0,33.0,60.63,
MTN,58,64.0,31.0,79.0,146.09,
MTRN,84,82.0,94.0,76.0,277.11,el
MTSI,80,69.0,89.0,82.0,322.21,gcl
MTUS,53,54.0,52.0,53.0,19.64,
MTX,15,7.0,16.0,23.0,64.7,
MTZ,15,0.0,13.0,33.0,216.66,
MU,77,82.0,93.0,55.0,1035.84,gcl
MUR,66,83.0,60.0,54.0,38.6,
MUSA,44,41.0,48.0,44.0,518.22,
MWA,9,3.0,0.0,23.0,21.56,
MXL,82,72.0,90.0,83.0,93.7,gcl
MYRG,44,20.0,50.0,62.0,310.81,
MZTI,25,17.0,0.0,57.0,102.19,
NABL,46,43.0,19.0,76.0,4.5,
NATL,46,48.0,40.0,50.0,45.62,
NAVI,50,67.0,35.0,47.0,9.27,
NBHC,13,9.0,10.0,20.0,38.18,
NBIX,21,17.0,26.0,20.0,141.25,
NBTB,47,48.0,51.0,43.0,50.53,
NCLH,24,12.0,0.0,61.0,15.49,
NDAQ,48,60.0,41.0,42.0,92.37,
NDSN,80,92.0,84.0,64.0,326.87,el
NE,37,33.0,53.0,26.0,42.15,
NEE,13,7.0,6.0,25.0,77.37,
NEM,52,69.0,59.0,27.0,115.55,
NEO,65,69.0,99.0,27.0,16.02,
NEOG,68,70.0,85.0,49.0,11.71,slg
NET,87,86.0,100.0,76.0,341.89,el|cp|gcl
NEU,69,70.0,70.0,67.0,903.63,grl
NFG,19,19.0,9.0,30.0,78.21,
NFLX,19,12.0,6.0,38.0,71.57,
NGVT,54,53.0,45.0,65.0,71.41,
NHC,74,85.0,89.0,49.0,225.17,el
NHI,7,3.0,0.0,18.0,64.58,
NI,21,16.0,6.0,40.0,40.53,
NIC,43,48.0,46.0,35.0,164.03,
NIQ,76,95.0,81.0,51.0,17.91,el|pc
NJR,19,11.0,18.0,28.0,51.01,
NKE,10,0.0,0.0,29.0,34.74,
NLY,8,10.0,3.0,10.0,18.27,
NMIH,35,46.0,36.0,23.0,40.61,
NNN,14,9.0,8.0,24.0,40.27,
NOC,11,9.0,0.0,25.0,484.48,
NOG,54,75.0,32.0,54.0,25.14,
NOV,36,37.0,52.0,18.0,18.99,
NOVT,39,24.0,52.0,42.0,136.33,
NOW,70,85.0,55.0,71.0,139.75,
NPK,74,96.0,66.0,61.0,152.01,
NPO,53,44.0,57.0,58.0,307.68,
NRG,16,11.0,0.0,37.0,106.32,
NSC,44,53.0,34.0,44.0,316.99,
NSIT,86,98.0,100.0,61.0,161.37,el
NSP,56,58.0,64.0,47.0,49.74,
NSSC,18,10.0,6.0,39.0,35.16,
NTAP,93,99.0,100.0,80.0,231.05,gcl
NTCT,64,61.0,68.0,64.0,39.3,
NTNX,81,99.0,70.0,75.0,73.11,
NTRA,95,95.0,100.0,91.0,390.79,el|gcl
NTRS,36,43.0,48.0,18.0,168.5,
NTST,7,6.0,8.0,8.0,17.43,
NU,51,52.0,39.0,61.0,15.38,
NUE,60,49.0,95.0,36.0,246.14,
NVDA,75,90.0,73.0,62.0,230.48,cp
NVR,16,9.0,2.0,38.0,6002.5498,
NVST,19,23.0,20.0,13.0,22.72,
NVT,76,80.0,85.0,63.0,164.2,el
NWBI,42,48.0,46.0,33.0,14.85,
NWE,62,66.0,52.0,68.0,74.63,
NWL,57,56.0,71.0,44.0,5.73,
NWN,29,27.0,21.0,40.0,47.8,
NWS,43,50.0,41.0,38.0,31.92,
NWSA,48,53.0,50.0,40.0,28.97,
NX,35,39.0,46.0,21.0,18.54,
NXPI,38,24.0,32.0,57.0,231.07,
NXRT,4,0.0,0.0,13.0,19.66,
NXST,20,8.0,2.0,49.0,162.11,
NXT,28,10.0,19.0,56.0,85.26,
NYT,29,18.0,27.0,42.0,66.6,
O,10,8.0,4.0,18.0,54.17,
OC,17,20.0,10.0,22.0,117.2,
ODFL,32,13.0,33.0,50.0,181.65,
OFG,48,51.0,58.0,36.0,50.92,
OGE,30,27.0,15.0,49.0,46.11,
OGN,73,89.0,78.0,53.0,13.75,gcl
OGS,14,15.0,5.0,23.0,72.36,
OHI,23,27.0,21.0,22.0,44.14,
OI,19,11.0,0.0,45.0,6.17,
OII,52,47.0,83.0,27.0,44.58,
OKE,43,47.0,48.0,33.0,90.29,
OKLO,4,0.0,0.0,12.0,34.57,
OKTA,92,98.0,100.0,77.0,220.21,el|gcl
OLED,11,10.0,0.0,23.0,72.9,
OLLI,53,60.0,20.0,80.0,86.71,
OLN,6,0.0,0.0,19.0,15.61,
OMC,34,41.0,18.0,42.0,76.45,
OMCL,34,21.0,27.0,53.0,34.83,
OMF,22,30.0,23.0,14.0,56.42,
ON,52,21.0,65.0,70.0,79.41,
ONB,39,42.0,33.0,41.0,24.73,
ONON,29,22.0,5.0,60.0,34.04,
ONTO,63,56.0,68.0,64.0,292.67,
OPCH,71,74.0,53.0,85.0,31.05,
OPLN,55,52.0,57.0,57.0,35.68,
ORA,5,2.0,0.0,12.0,88.64,
ORCL,15,17.0,10.0,18.0,135.69,
ORI,20,28.0,5.0,27.0,38.55,
ORLY,30,27.0,8.0,55.0,86.01,
OSIS,15,7.0,0.0,37.0,193.36,
OSK,9,11.0,9.0,7.0,127.35,
OSW,38,31.0,21.0,61.0,23.5,
OTIS,13,7.0,0.0,33.0,66.11,
OTTR,42,46.0,32.0,48.0,88.33,
OUT,52,51.0,51.0,55.0,29.58,
OVV,68,74.0,82.0,49.0,63.37,gcl
OWL,19,15.0,24.0,17.0,9.27,
OXY,63,72.0,64.0,53.0,60.28,lr
OZK,18,27.0,1.0,26.0,44.86,
P,92,96.0,100.0,79.0,150.57,gcl
PAG,44,49.0,63.0,20.0,198.05,
PAHC,43,40.0,31.0,59.0,37.4,
PANW,93,91.0,100.0,88.0,398.5,el|cp|ed|gcl
PARR,87,95.0,100.0,67.0,87.65,el|sq
PATH,51,53.0,57.0,42.0,13.25,
PATK,3,1.0,0.0,7.0,65.07,
PAYC,79,97.0,76.0,65.0,229.9,pc|gcl
PAYO,69,88.0,68.0,52.0,7.16,br
PAYX,29,41.0,28.0,17.0,104.46,
PB,23,30.0,17.0,21.0,66.69,
PBF,92,100.0,100.0,75.0,89.34,el|gcl|sq
PBH,25,21.0,6.0,49.0,47.87,
PBI,63,60.0,82.0,48.0,16.98,
PCAR,20,25.0,21.0,13.0,109.66,
PCG,8,5.0,0.0,19.0,12.67,
PCOR,49,55.0,34.0,59.0,54.78,
PCRX,90,84.0,100.0,85.0,36.39,em|ei|sq
PCTY,74,81.0,66.0,75.0,153.02,
PDFS,71,63.0,83.0,67.0,52.18,
PEB,80,79.0,92.0,69.0,18.98,
PECO,30,23.0,23.0,45.0,37.39,
PEG,25,17.0,3.0,54.0,71.84,
PEGA,43,56.0,19.0,53.0,35.49,
PEN,38,22.0,42.0,50.0,317.52,
PENG,71,63.0,81.0,70.0,71.57,ei|grl
PENN,16,15.0,8.0,25.0,15.76,
PEP,19,10.0,7.0,39.0,128.34,
PFBC,49,61.0,40.0,47.0,102.63,
PFE,60,82.0,43.0,55.0,27.82,
PFG,51,63.0,63.0,28.0,109.77,
PFGC,32,31.0,18.0,48.0,94.72,
PFS,31,31.0,29.0,32.0,22.22,
PG,54,65.0,28.0,70.0,150.59,
PGNY,64,53.0,76.0,62.0,27.83,
PGR,47,64.0,21.0,57.0,218.73,
PH,45,44.0,40.0,50.0,946.96,
PHIN,10,1.0,17.0,13.0,58.46,
PHM,18,13.0,3.0,37.0,113.53,
PI,77,86.0,63.0,82.0,183.45,
PII,7,3.0,0.0,18.0,52.81,
PINS,40,28.0,19.0,74.0,20.53,
PIPR,6,7.0,0.0,10.0,64.38,
PJT,12,22.0,0.0,13.0,135.8,
PK,71,67.0,91.0,54.0,15.21,
PKG,46,45.0,42.0,50.0,229.94,
PL,29,10.0,18.0,60.0,17.19,
PLAB,36,13.0,39.0,56.0,29.71,
PLD,21,14.0,21.0,27.0,129.29,
PLMR,46,63.0,31.0,43.0,131.44,
PLNT,5,4.0,0.0,11.0,44.03,
PLTR,79,96.0,73.0,68.0,198.78,
PLUS,64,76.0,57.0,59.0,91.6,
PLXS,70,74.0,72.0,65.0,261.38,
PM,79,86.0,77.0,75.0,200.5,pc
PMT,3,0.0,0.0,10.0,7.49,
PNC,23,27.0,26.0,16.0,219.68,
PNFP,29,30.0,24.0,34.0,94.67,
PNR,6,0.0,0.0,17.0,52.3,bdr
PNW,35,33.0,17.0,54.0,97.98,
PODD,11,2.0,0.0,31.0,134.47,
POOL,6,2.0,0.0,15.0,158.14,
POR,16,10.0,14.0,25.0,45.35,
POST,7,1.0,0.0,20.0,74.23,
POWI,28,0.0,35.0,50.0,49.89,
POWL,39,11.0,45.0,62.0,189.27,
PPC,22,24.0,9.0,32.0,28.5,
PPG,25,9.0,16.0,49.0,105.46,
PPL,28,23.0,9.0,51.0,34.1,
PPLI,47,40.0,34.0,67.0,40.93,
PR,68,78.0,81.0,45.0,22.84,gcl
PRDO,38,48.0,12.0,55.0,33.43,
PRG,15,16.0,21.0,9.0,30.9,
PRGO,66,83.0,55.0,60.0,14.5,sq
PRGS,40,44.0,44.0,31.0,38.28,
PRI,25,27.0,22.0,26.0,275.39,
PRIM,34,22.0,4.0,76.0,82.66,
PRK,35,41.0,33.0,31.0,178.46,
PRKS,8,15.0,0.0,10.0,32.09,
PRLB,93,92.0,100.0,86.0,92.21,el|cp|gcl
PRMB,16,16.0,5.0,27.0,19.34,
PRSU,74,75.0,76.0,72.0,52.1,
PRU,41,46.0,46.0,30.0,113.53,
PRVA,22,12.0,0.0,53.0,20.19,
PSA,25,27.0,13.0,35.0,285.52,
PSMT,41,34.0,49.0,41.0,167.22,
PSN,9,2.0,0.0,25.0,43.02,
PSX,89,100.0,100.0,67.0,281.6,el|pc
PTC,80,92.0,63.0,85.0,193.73,sq
PTCT,12,1.0,10.0,26.0,62.56,
PTEN,56,54.0,82.0,33.0,11.48,
PTGX,62,50.0,93.0,42.0,139.91,
PTON,21,12.0,9.0,43.0,4.92,
PVH,49,56.0,19.0,72.0,81.14,
PWR,77,76.0,78.0,77.0,685.33,grl
PYPL,54,48.0,43.0,70.0,55.02,
PZZA,10,0.0,0.0,29.0,19.46,
QCOM,54,61.0,53.0,47.0,176.01,
QDEL,23,13.0,0.0,55.0,12.41,
QGEN,60,81.0,35.0,63.0,44.53,
QLYS,95,97.0,100.0,89.0,193.86,el|gcl
QNST,40,48.0,54.0,17.0,15.99,
QS,5,0.0,0.0,14.0,4.58,
QSR,24,33.0,18.0,22.0,70.66,
QTWO,51,55.0,54.0,45.0,58.69,
QXO,9,1.0,0.0,25.0,11.12,
R,37,32.0,42.0,36.0,235.18,
RAL,84,83.0,91.0,78.0,71.86,el|gcl
RAMP,60,50.0,82.0,48.0,37.57,
RBA,25,13.0,0.0,63.0,84.03,
RBC,28,2.0,35.0,47.0,490.99,
RBLX,26,27.0,0.0,51.0,45.52,
RBRK,96,96.0,100.0,92.0,120.89,el|ed|gcl
RCL,40,30.0,18.0,72.0,281.41,
RCUS,29,22.0,53.0,13.0,23.83,
RDDT,33,22.0,17.0,60.0,156.47,
RDN,29,34.0,15.0,38.0,34.17,
RDNT,39,51.0,38.0,29.0,68.21,
REG,18,12.0,11.0,30.0,71.48,
REGN,43,55.0,51.0,23.0,739.57,
RELY,62,51.0,87.0,47.0,23.52,
RES,37,27.0,44.0,39.0,6.0,
REX,63,70.0,54.0,66.0,44.84,
REXR,47,61.0,32.0,48.0,37.23,
REYN,28,22.0,7.0,54.0,21.98,
REZI,10,3.0,0.0,26.0,17.2,
RF,21,26.0,18.0,18.0,27.07,
RGA,79,91.0,76.0,69.0,255.93,
RGEN,64,71.0,75.0,45.0,163.84,
RGLD,39,54.0,44.0,20.0,231.18,
RH,3,4.0,0.0,4.0,113.67,
RHI,40,38.0,61.0,21.0,34.1,
RHP,48,40.0,67.0,38.0,119.95,
RITM,10,14.0,3.0,14.0,8.62,
RIVN,13,3.0,18.0,18.0,14.33,
RJF,25,34.0,23.0,19.0,158.6,bdr
RKLB,34,6.0,28.0,67.0,68.4,
RKT,6,2.0,0.0,16.0,11.76,
RL,45,45.0,25.0,65.0,367.39,
RLI,20,31.0,5.0,25.0,56.3,
RMBS,52,51.0,34.0,70.0,108.47,
RMD,46,57.0,23.0,58.0,226.73,
RNG,90,97.0,100.0,73.0,78.35,el|pc|gcl|sq
RNR,69,87.0,54.0,65.0,331.34,
RNST,29,30.0,23.0,35.0,39.29,
ROAD,8,6.0,2.0,17.0,88.33,
ROCK,13,24.0,0.0,15.0,37.48,
ROG,83,78.0,90.0,82.0,148.12,gcl
ROIV,47,60.0,72.0,10.0,34.21,
ROK,51,48.0,47.0,59.0,434.14,
ROKU,71,67.0,96.0,50.0,153.81,
ROL,17,10.0,0.0,41.0,32.26,
ROP,26,29.0,19.0,31.0,364.23,
ROST,51,45.0,60.0,48.0,225.2,
RPM,29,25.0,6.0,55.0,99.43,
RPRX,46,46.0,73.0,20.0,56.21,
RRC,51,67.0,35.0,51.0,40.77,
RRR,11,5.0,2.0,25.0,50.37,
RRX,28,11.0,20.0,54.0,160.01,
RS,63,57.0,80.0,53.0,396.91,
RSG,44,68.0,22.0,42.0,216.84,
RSI,12,14.0,22.0,1.0,20.32,
RTX,24,29.0,21.0,21.0,184.32,
RUN,5,0.0,0.0,15.0,7.59,
RUSHA,28,28.0,40.0,17.0,45.16,
RVMD,58,51.0,89.0,34.0,188.12,
RVTY,96,96.0,100.0,92.0,152.16,el|cp|gcl
RXO,81,70.0,97.0,75.0,28.93,
RYAN,24,23.0,16.0,34.0,37.79,
RYN,8,6.0,0.0,19.0,18.6,
S,97,98.0,100.0,93.0,25.4,el|ed|gcl
SABR,48,63.0,59.0,23.0,1.93,
SAFE,4,3.0,0.0,9.0,12.1,
SAFT,85,100.0,100.0,54.0,103.94,el|slg
SAH,10,15.0,0.0,14.0,61.51,
SAIA,21,0.0,20.0,44.0,341.26,
SAIC,75,81.0,87.0,57.0,129.71,el|cp|slg
SAIL,73,81.0,59.0,79.0,20.02,
SANM,69,60.0,89.0,57.0,210.48,
SARO,2,3.0,0.0,4.0,20.33,
SBAC,11,10.0,4.0,20.0,170.01,
SBCF,28,36.0,21.0,26.0,31.87,
SBH,50,55.0,39.0,55.0,16.03,
SBRA,21,31.0,19.0,13.0,18.84,
SBSI,20,11.0,17.0,32.0,30.47,
SBUX,29,29.0,25.0,32.0,93.21,
SCCO,63,69.0,78.0,43.0,198.66,
SCHL,48,36.0,40.0,67.0,38.38,
SCHW,24,35.0,22.0,14.0,96.87,bdr
SCI,28,34.0,13.0,36.0,76.77,
SCL,57,54.0,68.0,49.0,61.04,
SCSC,83,87.0,96.0,65.0,59.16,el|cp
SDGR,86,79.0,89.0,89.0,26.39,
SEB,17,3.0,22.0,25.0,4063.5901,
SEDG,12,0.0,5.0,32.0,32.47,
SEI,74,69.0,78.0,74.0,73.08,gcl
SEIC,56,54.0,78.0,35.0,103.25,
SEZL,54,35.0,78.0,50.0,117.22,
SF,16,28.0,10.0,10.0,70.11,
SFBS,19,29.0,10.0,17.0,38.6,
SFD,9,2.0,0.0,26.0,18.88,
SFM,6,3.0,0.0,14.0,66.01,
SFNC,43,47.0,41.0,41.0,22.38,
SGI,9,2.0,0.0,25.0,62.34,
SHAK,38,35.0,20.0,59.0,67.31,
SHC,43,51.0,45.0,33.0,17.83,
SHEN,16,5.0,1.0,42.0,11.52,
SHO,63,65.0,62.0,61.0,11.35,
SHOO,62,59.0,68.0,58.0,44.2,
SHW,32,32.0,14.0,50.0,321.03,
SIG,71,93.0,59.0,62.0,105.89,sq
SIGI,27,25.0,22.0,35.0,85.13,
SIRI,31,32.0,39.0,23.0,26.33,
SITE,7,0.0,0.0,21.0,87.74,
SITM,80,74.0,90.0,75.0,645.06,ed|gcl
SJM,51,50.0,64.0,38.0,119.41,
SKT,21,21.0,16.0,25.0,34.61,
SKY,40,35.0,45.0,40.0,81.47,
SKYW,38,41.0,22.0,51.0,96.73,
SLAB,71,86.0,65.0,62.0,221.75,sq
SLB,37,36.0,53.0,22.0,48.98,
SLG,36,42.0,40.0,25.0,48.94,
SLGN,10,3.0,0.0,28.0,35.8,
SLM,16,26.0,11.0,11.0,22.67,
SLVM,9,4.0,0.0,22.0,32.65,
SM,81,92.0,98.0,54.0,37.08,el|cp|pc|gcl
SMCI,70,83.0,55.0,71.0,42.77,
SMG,8,3.0,2.0,19.0,50.43,
SMMT,43,66.0,19.0,43.0,17.17,
SMP,24,16.0,18.0,39.0,37.09,
SMPL,18,10.0,0.0,43.0,10.11,
SMTC,92,91.0,100.0,86.0,187.49,el|gcl
SN,80,80.0,100.0,60.0,184.87,el
SNA,24,27.0,16.0,28.0,358.88,
SNDK,53,62.0,80.0,18.0,1609.46,
SNDR,42,31.0,62.0,32.0,31.73,
SNEX,23,13.0,43.0,12.0,60.1,
SNOW,86,95.0,100.0,63.0,343.4,el|gcl
SNPS,67,68.0,58.0,74.0,497.75,
SNX,75,73.0,93.0,58.0,267.46,cp
SO,23,21.0,3.0,46.0,86.15,
SOFI,8,10.0,2.0,12.0,15.61,
SOLV,55,57.0,77.0,32.0,86.41,
SON,31,24.0,22.0,48.0,48.4,bdr
SONO,79,88.0,61.0,87.0,16.95,sq
SPG,28,25.0,27.0,31.0,199.61,
SPGI,24,23.0,11.0,38.0,402.73,
SPHR,24,20.0,45.0,6.0,109.25,
SPNT,68,83.0,62.0,60.0,25.03,
SPOT,49,63.0,29.0,56.0,526.42,
SPSC,70,86.0,55.0,70.0,83.32,sq
SPXC,3,0.0,3.0,7.0,168.58,
SR,21,18.0,12.0,33.0,77.99,
SRE,15,16.0,0.0,30.0,80.08,
SRPT,17,32.0,5.0,15.0,18.21,
SSB,36,48.0,27.0,34.0,100.57,
SSD,24,11.0,16.0,44.0,171.95,
SSNC,60,77.0,47.0,57.0,80.65,
ST,50,42.0,56.0,53.0,42.23,
STAA,15,10.0,0.0,36.0,22.38,
STAG,19,12.0,13.0,32.0,35.88,
STBA,47,46.0,56.0,39.0,48.74,
STC,4,5.0,0.0,8.0,51.88,
STE,27,27.0,8.0,46.0,210.76,
STEP,16,18.0,11.0,20.0,43.91,
STLD,58,50.0,81.0,42.0,234.17,
STRA,50,67.0,25.0,58.0,82.39,
STRL,48,21.0,67.0,56.0,518.41,
STT,48,48.0,80.0,17.0,175.09,
STWD,3,1.0,0.0,7.0,12.75,
STX,47,48.0,80.0,13.0,774.83,
STZ,27,14.0,4.0,64.0,123.63,
SUI,18,13.0,6.0,35.0,111.8,
SUPN,19,6.0,2.0,49.0,42.14,
SW,28,30.0,19.0,36.0,41.45,
SWK,51,45.0,61.0,47.0,89.17,
SWKS,69,81.0,73.0,54.0,80.75,
SWX,22,17.0,17.0,31.0,83.51,
SXI,50,42.0,44.0,64.0,281.06,
SXT,75,77.0,98.0,51.0,132.03,
SYF,37,43.0,31.0,37.0,73.72,
SYK,22,15.0,0.0,52.0,276.97,
SYNA,68,61.0,83.0,61.0,119.08,ed
SYY,30,31.0,22.0,38.0,78.2,
T,39,44.0,28.0,45.0,24.87,
TALO,78,93.0,85.0,55.0,16.95,el|gcl
TAP,24,20.0,5.0,48.0,37.92,
TBBK,17,5.0,0.0,45.0,49.33,
TDC,63,50.0,65.0,74.0,30.29,
TDG,15,4.0,0.0,42.0,1089.3,
TDS,21,27.0,10.0,26.0,34.13,
TDW,51,53.0,68.0,33.0,84.7,
TDY,35,31.0,17.0,56.0,604.82,
TEAM,88,99.0,93.0,71.0,203.57,el|pc|gcl
TECH,73,89.0,70.0,59.0,72.45,
TEL,51,67.0,23.0,64.0,214.31,
TEM,68,73.0,55.0,77.0,69.28,
TER,74,80.0,76.0,66.0,398.72,gcl
TEX,7,3.0,11.0,6.0,52.35,
TFC,20,27.0,13.0,20.0,46.18,
TFIN,35,29.0,38.0,37.0,62.78,
TFSL,35,37.0,40.0,29.0,16.19,
TFX,30,42.0,19.0,30.0,124.19,
TGT,65,59.0,92.0,43.0,154.76,
TGTX,59,60.0,83.0,34.0,53.34,
THC,67,72.0,83.0,46.0,260.57,
THG,52,52.0,64.0,40.0,221.93,
THO,14,9.0,0.0,32.0,66.11,
THRM,15,23.0,9.0,12.0,29.93,
TIGO,41,41.0,57.0,26.0,87.95,
TILE,63,57.0,77.0,55.0,34.83,
TJX,28,17.0,10.0,58.0,138.75,
TKO,19,17.0,12.0,28.0,181.63,
TKR,37,19.0,57.0,34.0,114.34,
TLN,42,36.0,21.0,69.0,359.22,
TMDX,23,25.0,17.0,28.0,79.0,
TMO,80,87.0,79.0,74.0,651.98,cp
TMP,57,53.0,75.0,43.0,96.55,
TMUS,21,19.0,1.0,44.0,171.31,
TNC,9,3.0,0.0,25.0,65.94,
TNDM,26,28.0,27.0,23.0,15.675,
TNL,20,7.0,14.0,39.0,62.61,
TOL,26,10.0,15.0,53.0,134.83,
TOST,41,52.0,33.0,38.0,30.53,
TPC,50,48.0,65.0,38.0,84.24,
TPG,32,31.0,33.0,31.0,45.24,
TPL,24,12.0,21.0,39.0,357.78,
TPR,26,13.0,12.0,54.0,115.82,
TR,25,19.0,11.0,46.0,37.59,
TREX,39,49.0,21.0,47.0,44.44,
TRGP,70,84.0,79.0,46.0,288.49,
TRIP,22,12.0,0.0,54.0,8.96,
TRMB,41,42.0,19.0,63.0,59.85,
TRMK,36,46.0,29.0,34.0,44.55,
TRN,7,2.0,5.0,15.0,25.4,
TRNO,31,25.0,26.0,42.0,64.48,
TROW,36,35.0,27.0,46.0,104.23,
TRST,51,50.0,74.0,29.0,54.76,
TRU,10,22.0,0.0,9.0,64.59,
TRUP,33,21.0,14.0,63.0,25.82,
TRV,65,72.0,75.0,48.0,370.27,
TSCO,32,28.0,16.0,51.0,33.48,
TSLA,40,47.0,16.0,56.0,375.0,
TSN,26,17.0,9.0,51.0,52.34,
TT,51,63.0,34.0,55.0,469.94,
TTC,58,70.0,46.0,58.0,96.81,
TTD,4,0.0,0.0,13.0,12.34,
TTEK,37,49.0,37.0,24.0,33.41,
TTMI,32,3.0,59.0,34.0,117.5,
TTWO,27,18.0,11.0,51.0,209.37,
TW,52,54.0,33.0,70.0,109.68,
TWLO,94,93.0,100.0,90.0,275.77,el|gcl
TXN,73,70.0,82.0,68.0,288.2,
TXNM,52,73.0,29.0,53.0,58.58,
TXRH,19,21.0,14.0,22.0,162.76,
TXT,7,2.0,1.0,17.0,73.22,
TYL,27,19.0,22.0,39.0,331.15,
U,84,94.0,86.0,71.0,45.89,gcl
UAA,26,13.0,12.0,52.0,4.88,
UAL,37,23.0,34.0,54.0,107.44,
UBER,24,21.0,7.0,45.0,70.24,
UBSI,43,48.0,44.0,36.0,45.7,
UCB,30,34.0,21.0,34.0,33.58,
UCTT,30,14.0,45.0,32.0,67.58,
UDR,17,7.0,8.0,35.0,33.57,
UE,12,7.0,10.0,19.0,19.29,
UFCS,84,90.0,96.0,66.0,56.4,el|pc
UFPI,12,9.0,0.0,28.0,76.45,
UFPT,72,55.0,100.0,61.0,286.56,
UGI,44,61.0,35.0,35.0,36.94,
UHAL,24,22.0,34.0,15.0,57.8,
UHS,38,48.0,19.0,47.0,175.72,
UI,55,53.0,28.0,84.0,641.8,
ULS,22,10.0,8.0,48.0,70.65,
ULTA,60,73.0,43.0,64.0,564.21,
UMBF,33,39.0,32.0,27.0,130.39,
UNF,46,49.0,56.0,34.0,259.6,
UNFI,25,21.0,15.0,38.0,44.07,
UNH,35,32.0,37.0,35.0,370.95,
UNIT,11,0.0,29.0,5.0,7.4,
UNM,65,86.0,62.0,48.0,92.64,
UNP,47,53.0,47.0,41.0,278.2,
UPBD,4,2.0,0.0,11.0,15.69,
UPS,18,5.0,18.0,30.0,94.13,
UPWK,29,18.0,6.0,62.0,8.57,
URBN,65,76.0,64.0,55.0,80.96,
URI,55,52.0,56.0,58.0,1050.15,
USB,28,30.0,34.0,19.0,57.03,
USFD,50,53.0,47.0,50.0,97.12,
USLM,22,23.0,17.0,26.0,109.05,
USPH,67,90.0,39.0,72.0,83.52,
UTHR,49,45.0,30.0,72.0,532.78,
UTI,16,10.0,0.0,37.0,20.31,
UTL,43,54.0,28.0,47.0,52.38,
UVV,15,13.0,0.0,33.0,43.18,
UWMC,2,0.0,0.0,7.0,1.09,
V,63,75.0,55.0,59.0,375.1,
VAC,69,54.0,93.0,59.0,104.21,
VAL,56,62.0,60.0,46.0,83.96,
VC,3,2.0,0.0,7.0,86.15,
VCEL,50,42.0,50.0,59.0,40.05,
VCTR,78,78.0,100.0,55.0,111.72,
VCYT,51,36.0,66.0,51.0,43.6,
VECO,65,46.0,79.0,71.0,51.45,
VEEV,74,96.0,61.0,64.0,284.84,
VFC,31,22.0,11.0,60.0,14.53,
VIAV,67,66.0,64.0,70.0,44.09,
VICI,8,3.0,0.0,20.0,22.79,
VICR,78,69.0,85.0,79.0,262.32,gcl
VIK,33,18.0,49.0,33.0,81.64,
VIR,79,91.0,80.0,65.0,11.12,el|gcl|sq
VIRT,47,50.0,65.0,27.0,57.81,
VKTX,9,3.0,2.0,23.0,27.73,
VLO,92,100.0,100.0,76.0,443.8,bc|gcl
VLTO,50,60.0,29.0,62.0,96.48,
VLY,24,26.0,27.0,20.0,12.75,
VMC,21,13.0,0.0,50.0,246.26,
VMI,33,20.0,39.0,39.0,468.7,
VMRK,21,25.0,13.0,26.0,59.98,bdr
VNO,33,33.0,29.0,37.0,33.81,
VNOM,33,28.0,30.0,41.0,42.63,
VNT,34,29.0,16.0,56.0,32.2,
VOYA,52,50.0,75.0,30.0,96.64,
VRSK,25,16.0,13.0,47.0,175.49,
VRSN,67,88.0,50.0,64.0,297.79,
VRT,25,0.0,45.0,30.0,243.73,
VRTS,13,18.0,3.0,19.0,131.59,
VRTX,50,52.0,56.0,41.0,503.25,
VSAT,43,35.0,71.0,22.0,67.41,
VSEC,16,17.0,15.0,16.0,169.97,
VSH,66,56.0,80.0,63.0,34.56,
VST,44,49.0,14.0,68.0,156.14,
VSTS,75,68.0,85.0,71.0,14.0,
VSXY,82,65.0,97.0,85.0,86.61,
VTOL,21,16.0,22.0,26.0,40.64,
VTR,24,26.0,28.0,18.0,81.76,
VTRS,81,83.0,89.0,72.0,17.44,el|cp
VVV,20,15.0,3.0,42.0,30.84,
VVX,33,23.0,41.0,36.0,70.97,
VYX,14,7.0,12.0,23.0,6.9,
VZ,36,42.0,40.0,27.0,46.35,
W,80,89.0,86.0,65.0,105.13,el|gcl|sq
WAB,56,51.0,66.0,51.0,280.8,
WABC,63,81.0,54.0,55.0,59.59,
WAFD,13,18.0,12.0,8.0,29.74,
WAL,17,12.0,9.0,31.0,75.5,
WAT,86,93.0,92.0,72.0,429.13,el|gcl
WAY,69,80.0,45.0,81.0,26.48,
WCC,71,76.0,81.0,57.0,355.93,
WD,4,1.0,0.0,12.0,34.39,
WDAY,57,67.0,55.0,48.0,187.81,
WDC,29,13.0,65.0,10.0,393.31,
WDFC,26,12.0,15.0,52.0,203.9,
WEC,23,21.0,4.0,43.0,103.61,
WELL,41,43.0,51.0,30.0,223.04,
WEN,7,18.0,0.0,4.0,6.22,bdr
WERN,19,14.0,35.0,9.0,33.0,bdr
WEX,43,53.0,50.0,25.0,174.41,
WFC,23,32.0,17.0,21.0,82.03,
WFRD,17,12.0,25.0,14.0,76.9,
WGO,7,7.0,0.0,13.0,24.65,
WH,32,29.0,8.0,60.0,73.36,
WHD,56,56.0,86.0,26.0,63.22,
WHR,3,3.0,0.0,5.0,29.16,
WINA,13,0.0,0.0,39.0,295.14,
WING,27,20.0,0.0,62.0,118.5,
WKC,74,66.0,92.0,65.0,37.24,
WLK,4,4.0,0.0,7.0,62.31,
WM,24,22.0,9.0,41.0,210.1,
WMB,46,62.0,31.0,44.0,72.34,
WMG,47,61.0,19.0,62.0,28.91,
WMS,16,4.0,5.0,40.0,126.21,
WMT,40,33.0,22.0,64.0,110.56,
WOR,65,86.0,53.0,57.0,61.22,
WPC,10,10.0,6.0,15.0,63.13,
WRB,49,62.0,26.0,60.0,72.05,
WRBY,39,26.0,34.0,56.0,24.95,
WRLD,36,43.0,33.0,33.0,180.2,
WS,37,13.0,38.0,61.0,34.62,
WSBC,30,42.0,30.0,19.0,36.96,
WSC,5,1.0,0.0,13.0,16.85,
WSFS,45,46.0,59.0,30.0,75.41,
WSM,71,71.0,73.0,69.0,239.0,
WSO,6,0.0,0.0,19.0,282.23,
WST,76,76.0,84.0,69.0,363.27,cp
WT,71,73.0,100.0,40.0,22.68,
WTFC,28,28.0,22.0,34.0,144.2,
WTM,33,29.0,21.0,50.0,2059.77,
WTRG,26,41.0,17.0,21.0,38.72,
WTS,48,47.0,55.0,43.0,347.14,
WTW,28,36.0,19.0,29.0,297.86,
WU,14,12.0,0.0,30.0,6.33,
WULF,9,0.0,21.0,7.0,13.65,
WWD,24,2.0,32.0,37.0,323.45,
WWW,39,41.0,29.0,48.0,19.0,
WY,5,4.0,0.0,11.0,19.17,
WYNN,2,2.0,0.0,5.0,75.29,
XEL,24,22.0,5.0,45.0,73.36,
XHR,55,41.0,61.0,62.0,18.04,
XNCR,75,70.0,100.0,56.0,24.5,
XOM,77,92.0,78.0,61.0,168.5,
XP,94,97.0,100.0,84.0,30.21,em|slg
XPEL,37,31.0,48.0,31.0,44.92,
XPO,34,16.0,39.0,48.0,181.95,
XRAY,3,3.0,0.0,6.0,8.69,
XYL,10,5.0,0.0,26.0,101.99,
XYZ,40,43.0,37.0,41.0,75.23,
YELP,18,13.0,0.0,40.0,19.37,
YETI,25,5.0,37.0,33.0,39.6,bdr
YOU,29,11.0,41.0,36.0,43.08,
YUM,26,20.0,9.0,49.0,143.0,
Z,13,8.0,0.0,31.0,29.17,
ZBH,24,35.0,11.0,25.0,88.88,
ZBRA,83,99.0,88.0,62.0,382.14,el|gcl
ZD,71,78.0,87.0,48.0,55.91,cp
ZG,13,9.0,3.0,28.0,29.9,
ZION,25,28.0,26.0,20.0,62.73,
ZM,53,53.0,55.0,52.0,94.67,
ZS,78,85.0,55.0,95.0,216.81,
ZTS,25,18.0,5.0,53.0,73.08,
ZWS,32,29.0,18.0,49.0,46.24,
